{"label": "non_punch", "timestamp": "20250810_111411_805787", "file_path": "data\\training_data\\non_punch_20250810_111411_805787.json", "data": [{"timestamp": 1754817251666, "x": 24.8, "y": 21.6, "z": 6}, {"timestamp": 1754817251683, "x": 24.5, "y": 21.400000000000002, "z": 6.1000000000000005}]}