{"label": "non_punch", "timestamp": "20250808_174331_156429", "file_path": "data\\training_data\\non_punch_20250808_174331_156429.json", "data": [{"timestamp": 1754667812362, "x": 7.800000000000001, "y": -5, "z": -24.200000000000003}, {"timestamp": 1754667812379, "x": 7.800000000000001, "y": -5, "z": -24.200000000000003}, {"timestamp": 1754667812395, "x": 11.5, "y": -3.3000000000000003, "z": -26.1}, {"timestamp": 1754667812412, "x": 11.3, "y": -3.7, "z": -22.400000000000002}]}