{"label": "non_punch", "timestamp": "20250810_111518_426832", "file_path": "data\\training_data\\non_punch_20250810_111518_426832.json", "data": [{"timestamp": 1754817318324, "x": 11.4, "y": -13.600000000000001, "z": -19.900000000000002}, {"timestamp": 1754817318341, "x": 12.8, "y": -13.200000000000001, "z": -21.6}, {"timestamp": 1754817318358, "x": 11.5, "y": -12.9, "z": -19.400000000000002}]}