{"label": "non_punch", "timestamp": "20250808_174338_196814", "file_path": "data\\training_data\\non_punch_20250808_174338_196814.json", "data": [{"timestamp": 1754667821358, "x": 14.700000000000001, "y": 14.700000000000001, "z": 16.5}, {"timestamp": 1754667821375, "x": 17.6, "y": 17.400000000000002, "z": 15.600000000000001}, {"timestamp": 1754667821391, "x": 16.900000000000002, "y": 18.6, "z": 13.5}, {"timestamp": 1754667821407, "x": 14.200000000000001, "y": 18.1, "z": 10.9}]}