{"label": "non_punch", "timestamp": "20250810_111728_194566", "file_path": "data\\training_data\\non_punch_20250810_111728_194566.json", "data": [{"timestamp": 1754817447984, "x": 4.4, "y": 0.1, "z": -37.6}, {"timestamp": 1754817448000, "x": 4.1000000000000005, "y": 2.4000000000000004, "z": -50.300000000000004}, {"timestamp": 1754817448017, "x": 3.6, "y": 4.2, "z": -44.300000000000004}]}