{"label": "non_punch", "timestamp": "20250819_150129_973970", "file_path": "data\\training_data\\non_punch_20250819_150129_973970.json", "data": [{"timestamp": 1755608629622, "x": 7, "y": 3.2, "z": 24.900000000000002}, {"timestamp": 1755608629635, "x": 6.800000000000001, "y": 4.2, "z": 25.400000000000002}, {"timestamp": 1755608629652, "x": 4.2, "y": 5, "z": 24.200000000000003}]}