{"label": "non_punch", "timestamp": "20250808_174320_938517", "file_path": "data\\training_data\\non_punch_20250808_174320_938517.json", "data": [{"timestamp": 1754667803109, "x": 7.6000000000000005, "y": 16.900000000000002, "z": 17}, {"timestamp": 1754667803123, "x": 9.200000000000001, "y": 18.8, "z": 16.3}, {"timestamp": 1754667803140, "x": 9.600000000000001, "y": 18.7, "z": 14.100000000000001}]}