{"label": "non_punch", "timestamp": "20250819_150208_336746", "file_path": "data\\training_data\\non_punch_20250819_150208_336746.json", "data": [{"timestamp": 1755608667240, "x": 23.200000000000003, "y": -12.600000000000001, "z": 6.2}, {"timestamp": 1755608667257, "x": 22.6, "y": -11.200000000000001, "z": 10.200000000000001}]}