{"label": "non_punch", "timestamp": "20250810_111523_762163", "file_path": "data\\training_data\\non_punch_20250810_111523_762163.json", "data": [{"timestamp": 1754817323646, "x": 22, "y": 2, "z": 13.9}, {"timestamp": 1754817323663, "x": 25.3, "y": 4.5, "z": 13.4}, {"timestamp": 1754817323680, "x": 26.700000000000003, "y": 6.5, "z": 11.600000000000001}, {"timestamp": 1754817323696, "x": 25.200000000000003, "y": 7.5, "z": 10}]}