{"label": "non_punch", "timestamp": "20250810_111541_485807", "file_path": "data\\training_data\\non_punch_20250810_111541_485807.json", "data": [{"timestamp": 1754817340633, "x": -36.800000000000004, "y": 21.3, "z": 19.6}, {"timestamp": 1754817340650, "x": -58.400000000000006, "y": 23.400000000000002, "z": 20}, {"timestamp": 1754817340667, "x": -54.900000000000006, "y": 19.3, "z": 9.5}, {"timestamp": 1754817340683, "x": -38.300000000000004, "y": 11, "z": 1.7000000000000002}]}