{"label": "non_punch", "timestamp": "20250810_111347_379158", "file_path": "data\\training_data\\non_punch_20250810_111347_379158.json", "data": [{"timestamp": 1754817227062, "x": -22.5, "y": -6.1000000000000005, "z": 10.100000000000001}, {"timestamp": 1754817227079, "x": -21.700000000000003, "y": -5.1000000000000005, "z": 13.5}]}