{"label": "non_punch", "timestamp": "20250810_111338_446900", "file_path": "data\\training_data\\non_punch_20250810_111338_446900.json", "data": [{"timestamp": 1754817194486, "x": 25.700000000000003, "y": 8.4, "z": 2.1}, {"timestamp": 1754817194503, "x": 27.3, "y": 11.4, "z": -2.7}, {"timestamp": 1754817194519, "x": 26.1, "y": 12.5, "z": -8.3}, {"timestamp": 1754817194536, "x": 22.900000000000002, "y": 11.4, "z": -13.8}]}