{"label": "non_punch", "timestamp": "20250810_111428_664278", "file_path": "data\\training_data\\non_punch_20250810_111428_664278.json", "data": [{"timestamp": 1754817268354, "x": 21.900000000000002, "y": 22.400000000000002, "z": 0}, {"timestamp": 1754817268370, "x": 22.5, "y": 22.3, "z": -0.7000000000000001}]}