{"label": "non_punch", "timestamp": "20250819_150046_363074", "file_path": "data\\training_data\\non_punch_20250819_150046_363074.json", "data": [{"timestamp": 1755608586654, "x": -2.1, "y": 0.7000000000000001, "z": 27.3}, {"timestamp": 1755608586671, "x": -2.7, "y": 2, "z": 27.6}, {"timestamp": 1755608586688, "x": -3.2, "y": 3.8000000000000003, "z": 26.700000000000003}]}