{"label": "non_punch", "timestamp": "20250819_150201_675475", "file_path": "data\\training_data\\non_punch_20250819_150201_675475.json", "data": [{"timestamp": 1755608661361, "x": 5.300000000000001, "y": 0.2, "z": 25}, {"timestamp": 1755608661378, "x": 4.5, "y": 0.4, "z": 26.700000000000003}, {"timestamp": 1755608661394, "x": 3.9000000000000004, "y": 0.8, "z": 26.1}]}