{"label": "non_punch", "timestamp": "20250810_111721_822606", "file_path": "data\\training_data\\non_punch_20250810_111721_822606.json", "data": [{"timestamp": 1754817441636, "x": 4.2, "y": 11.5, "z": 31.200000000000003}, {"timestamp": 1754817441653, "x": 3.7, "y": 4.800000000000001, "z": 36.9}]}