{"label": "non_punch", "timestamp": "20250819_150232_416340", "file_path": "data\\training_data\\non_punch_20250819_150232_416340.json", "data": [{"timestamp": 1755608691888, "x": 4.3, "y": 21.3, "z": 14.3}, {"timestamp": 1755608691904, "x": 4.3, "y": 22.900000000000002, "z": 13.200000000000001}, {"timestamp": 1755608691921, "x": 4.2, "y": 24, "z": 10.8}, {"timestamp": 1755608691938, "x": 5.2, "y": 24.200000000000003, "z": 8.4}]}