{"label": "non_punch", "timestamp": "20250810_111608_720666", "file_path": "data\\training_data\\non_punch_20250810_111608_720666.json", "data": [{"timestamp": 1754817367994, "x": -35.5, "y": 17.8, "z": 22.3}, {"timestamp": 1754817368011, "x": -49.7, "y": 23.3, "z": 20.3}, {"timestamp": 1754817368027, "x": -35.800000000000004, "y": 23, "z": 2.7}, {"timestamp": 1754817368044, "x": -18.5, "y": 16.7, "z": -6.800000000000001}]}