{"label": "non_punch", "timestamp": "20250810_111617_155639", "file_path": "data\\training_data\\non_punch_20250810_111617_155639.json", "data": [{"timestamp": 1754817376685, "x": -33.5, "y": 11.8, "z": 2.8000000000000003}, {"timestamp": 1754817376701, "x": -63.900000000000006, "y": 22.200000000000003, "z": 7.7}, {"timestamp": 1754817376718, "x": -63.6, "y": 21.700000000000003, "z": 5.6000000000000005}, {"timestamp": 1754817376735, "x": -30, "y": 13.100000000000001, "z": 2.2}]}