{"label": "non_punch", "timestamp": "20250810_111420_274176", "file_path": "data\\training_data\\non_punch_20250810_111420_274176.json", "data": [{"timestamp": 1754817257010, "x": -27.8, "y": 15.100000000000001, "z": -6.300000000000001}, {"timestamp": 1754817257027, "x": -36.7, "y": 19.1, "z": -3.7}, {"timestamp": 1754817257044, "x": -32.1, "y": 17.900000000000002, "z": -2}, {"timestamp": 1754817257061, "x": -21.1, "y": 15.200000000000001, "z": -1.1}]}