{"label": "non_punch", "timestamp": "20250810_111358_699463", "file_path": "data\\training_data\\non_punch_20250810_111358_699463.json", "data": [{"timestamp": 1754817238044, "x": -25.1, "y": -1.9000000000000001, "z": 7.800000000000001}, {"timestamp": 1754817238061, "x": -32.1, "y": 1.4000000000000001, "z": 7.7}, {"timestamp": 1754817238078, "x": -34.6, "y": 4, "z": 5.7}, {"timestamp": 1754817238094, "x": -28.5, "y": 2.7, "z": 6.800000000000001}]}