{"label": "non_punch", "timestamp": "20250808_174100_595080", "file_path": "data\\training_data\\non_punch_20250808_174100_595080.json", "data": [{"timestamp": 1754667660266, "x": 8.8, "y": -3.1, "z": 24}, {"timestamp": 1754667660283, "x": 9.9, "y": -1, "z": 26.6}, {"timestamp": 1754667660299, "x": 11.9, "y": 0.9, "z": 28.1}, {"timestamp": 1754667660316, "x": 11.600000000000001, "y": 1.6, "z": 25.200000000000003}]}