{"label": "non_punch", "timestamp": "20250819_150136_122904", "file_path": "data\\training_data\\non_punch_20250819_150136_122904.json", "data": [{"timestamp": 1755608635149, "x": 37.5, "y": 11.200000000000001, "z": -10.700000000000001}, {"timestamp": 1755608635165, "x": 35.300000000000004, "y": 11.3, "z": -14.5}]}