{"label": "non_punch", "timestamp": "20250810_111715_177154", "file_path": "data\\training_data\\non_punch_20250810_111715_177154.json", "data": [{"timestamp": 1754817434173, "x": 5.2, "y": -4.5, "z": -24.200000000000003}, {"timestamp": 1754817434189, "x": 2.4000000000000004, "y": -4.3, "z": -46.300000000000004}]}