{"label": "non_punch", "timestamp": "20250810_111734_646828", "file_path": "data\\training_data\\non_punch_20250810_111734_646828.json", "data": [{"timestamp": 1754817452860, "x": 5.300000000000001, "y": 17.1, "z": 20.6}, {"timestamp": 1754817452876, "x": 7.800000000000001, "y": 16.8, "z": 20.8}, {"timestamp": 1754817452893, "x": 8.1, "y": 12.200000000000001, "z": 21.200000000000003}]}