{"label": "non_punch", "timestamp": "20250819_145957_060551", "file_path": "data\\training_data\\non_punch_20250819_145957_060551.json", "data": [{"timestamp": 1755608535653, "x": -33.9, "y": -0.7000000000000001, "z": 27.8}, {"timestamp": 1755608535670, "x": -36.300000000000004, "y": 0.1, "z": 35.800000000000004}, {"timestamp": 1755608535686, "x": -29.1, "y": 2.1, "z": 34.2}, {"timestamp": 1755608535704, "x": -19.6, "y": 4.5, "z": 24.900000000000002}]}