{"label": "non_punch", "timestamp": "20250819_150026_636533", "file_path": "data\\training_data\\non_punch_20250819_150026_636533.json", "data": [{"timestamp": 1755608566828, "x": -28.3, "y": -9, "z": 8.1}, {"timestamp": 1755608566845, "x": -32.2, "y": -6.9, "z": 32.800000000000004}, {"timestamp": 1755608566861, "x": -28.5, "y": -3.6, "z": 41.5}, {"timestamp": 1755608566878, "x": -21.6, "y": -2.5, "z": 31.700000000000003}]}