{"label": "non_punch", "timestamp": "20250810_111741_475486", "file_path": "data\\training_data\\non_punch_20250810_111741_475486.json", "data": [{"timestamp": 1754817461074, "x": -5.7, "y": 17.7, "z": 19.200000000000003}, {"timestamp": 1754817461093, "x": -10.9, "y": 20, "z": 17.8}, {"timestamp": 1754817461110, "x": -13, "y": 19.700000000000003, "z": 14.700000000000001}]}