{"label": "non_punch", "timestamp": "20250819_150155_083028", "file_path": "data\\training_data\\non_punch_20250819_150155_083028.json", "data": [{"timestamp": 1755608653944, "x": 25.8, "y": -3.7, "z": 9.4}, {"timestamp": 1755608653961, "x": 27.900000000000002, "y": 1.3, "z": 13.600000000000001}, {"timestamp": 1755608653977, "x": 29.5, "y": 4.4, "z": 13.3}, {"timestamp": 1755608653994, "x": 26.900000000000002, "y": 3, "z": 9.8}]}