{"label": "non_punch", "timestamp": "20250810_111256_889599", "file_path": "data\\training_data\\non_punch_20250810_111256_889599.json", "data": [{"timestamp": 1754817176567, "x": 28, "y": -1.5, "z": -6.4}, {"timestamp": 1754817176584, "x": 27.900000000000002, "y": 3.2, "z": -4.1000000000000005}, {"timestamp": 1754817176601, "x": 25.1, "y": 7, "z": -0.8}, {"timestamp": 1754817176618, "x": 26.5, "y": 6.300000000000001, "z": 2.2}]}