{"label": "punch", "timestamp": "20250819_144813_349786", "file_path": "data\\training_data\\punch_20250819_144813_349786.json", "data": [{"timestamp": 1755607833116, "x": -28.700000000000003, "y": 1.9000000000000001, "z": 17.1}, {"timestamp": 1755607833134, "x": -34.4, "y": 1.3, "z": 27.1}, {"timestamp": 1755607833150, "x": -30.3, "y": 2.2, "z": 24.5}, {"timestamp": 1755607833167, "x": -22, "y": 3.8000000000000003, "z": 13.5}]}